{
  "with_fwht": {
    "use_fwht": true,
    "torch_device": "cuda",
    "hardware": "rocm-hip:6.2.41133-dd7f95766:AMD Instinct MI300X VF",
    "seq_len": 32768,
    "num_heads": 32,
    "head_dim": 128,
    "baseline_fp16_bytes": 536870912,
    "packed_bytes": 151060480,
    "reduction_factor": 3.5540130151843816,
    "peak_gpu_alloc_bytes_incl_copy": 537133056,
    "duration_ms": 82257.9555870002
  },
  "without_fwht": {
    "use_fwht": false,
    "torch_device": "cuda",
    "hardware": "rocm-hip:6.2.41133-dd7f95766:AMD Instinct MI300X VF",
    "seq_len": 32768,
    "num_heads": 32,
    "head_dim": 128,
    "baseline_fp16_bytes": 536870912,
    "packed_bytes": 151060480,
    "reduction_factor": 3.5540130151843816,
    "peak_gpu_alloc_bytes_incl_copy": 537133056,
    "duration_ms": 72034.60398100014
  }
}